
{
    "data": [
        {
            "_id": "5ce107f93a66a42aa3e0fb75",
            "bikeId": "3898",
            "remainingKm": 30,
            "bleAddress": "3C:71:BF:6A:45:A9",
            "isAvailable": "False",
            "locationStatus": "ST04"
        },
        {
            "_id": "5ce10bb43a66a42aa3e0fdc0",
            "bikeId": "3896",
            "remainingKm": 40,
            "bleAddress": "3C:71:BF:6A:45:A9",
            "isAvailable": "False",
            
            "locationStatus": "ST03"
        },
        {
            "_id": "5d2a19bce23fd11fbb4c2952",
            "bikeId": "3895",
            "remainingKm": 40,
            "bleAddress": "3C:71:BF:6A:45:A9",
            "isAvailable": "False",
            
            "locationStatus": "ST03"
        },
        {
            "_id": "5d2a19c5e23fd11fbb4c2956",
            "bikeId": "3897",
             "remainingKm": 40,
            "bleAddress": "3C:71:BF:6A:45:A9",
            "isAvailable": "False",
           
            "locationStatus": "ST-01"
        },
        {
            "_id": "5da4e22e19e131843da471e7",
            "bikeId": "2801",
            "bleAddress": "3C:71:BF:6A:45:32",
            "remainingKm": 28.799999999999997,
            "isAvailable": "True",
            
            "locationStatus": "ST01"
        },
        {
            "_id": "5da4fa5f409378e6bf44de59",
            "bikeId": "2802",
            "bleAddress": "3C:71:BF:9D:E7:72",
            "isAvailable": "True",
            "remainingKm": 29.299999999999997,
            "locationStatus": "ST-01"
        },
        {
            "_id": "5da4fc29409378e6bf44df31",
            "bikeId": "2803",
            "bleAddress": "3C:71:BF:FD:43:B2",
            "remainingKm": 34.7,
            "isAvailable": "True",
            "locationStatus": "ST01"
        },
        {
            "_id": "5da4fd0a409378e6bf44dfa2",
            "bikeId": "2804",
            "bleAddress": "3C:71:BF:FD:39:42",
            "remainingKm": 38,
            "isAvailable": "True",
            "locationStatus": "ST01"
        },
        {
            "_id": "5da4fdfc409378e6bf44e01b",
            "bikeId": "2805",
            "bleAddress": "24:6F:28:16:73:26",
            "remainingKm": 30.199999999999996,
            "isAvailable": "True",
            "locationStatus": "ST01"
        },
        {
            "_id": "5da4ff2a409378e6bf44e0b1",
            "bikeId": "2806",
            "bleAddress": "3C:71:BF:FD:2C:6A",
            "remainingKm": 40,
            "isAvailable": "False",
            "locationStatus": "ST01"
        },
        {
            "_id": "5da50051409378e6bf44e13d",
            "bikeId": "2798",
            "bleAddress": "3C:71:BF:9E:26:6E",
            "remainingKm": 29.299999999999997,
            "isAvailable": "True",
            "locationStatus": "ST01"
        }
    ]
}